plugin,first_seen,last_seen,days_observed,total_records,unique_ips,lifespan_days,activity_ratio,gap_days
astra-widgets,2025-10-22,2026-01-17,16,24,13,88,0.182,72
backuply,2025-10-22,2026-01-17,16,24,13,88,0.182,72
all-404-redirect-to-homepage,2025-10-22,2026-01-17,17,25,14,88,0.193,71
black-studio-tinymce-widget,2025-10-22,2026-01-17,17,25,14,88,0.193,71
breeze,2025-10-22,2026-01-17,17,25,14,88,0.193,71
burst-statistics,2025-10-22,2026-01-17,17,25,14,88,0.193,71
chaty,2025-10-22,2026-01-17,17,25,14,88,0.193,71
child-theme-configurator,2025-10-22,2026-01-17,17,25,14,88,0.193,71
classic-widgets,2025-10-22,2026-01-17,17,25,14,88,0.193,71
click-to-chat-for-whatsapp,2025-10-22,2026-01-17,17,25,14,88,0.193,71
flexmls-idx,2025-10-22,2026-01-17,17,25,14,88,0.193,71
force-regenerate-thumbnails,2025-10-22,2026-01-17,17,25,14,88,0.193,71
ad-inserter,2025-10-22,2026-01-17,18,25,15,88,0.205,70
add-to-any,2025-10-22,2026-01-17,18,26,15,88,0.205,70
admin-menu-editor,2025-10-22,2026-01-17,18,24,15,88,0.205,70
aryo-activity-log,2025-10-22,2026-01-17,18,26,15,88,0.205,70
breadcrumb-navxt,2025-10-22,2026-01-17,18,26,15,88,0.205,70
classic-editor,2025-10-22,2026-01-17,18,26,15,88,0.205,70
cmb2,2025-10-22,2026-01-17,18,26,15,88,0.205,70
contact-form-7-honeypot,2025-10-22,2026-01-17,18,26,15,88,0.205,70
contact-form-cfdb7,2025-10-22,2026-01-17,18,26,15,88,0.205,70
cookie-notice,2025-10-22,2026-01-17,18,26,15,88,0.205,70
copy-delete-posts,2025-10-22,2026-01-17,18,26,15,88,0.205,70
creame-whatsapp-me,2025-10-22,2026-01-17,18,26,15,88,0.205,70
creative-mail-by-constant-contact,2025-10-22,2026-01-17,18,26,15,88,0.205,70
custom-css-js,2025-10-22,2026-01-17,18,25,15,88,0.205,70
custom-fonts,2025-10-22,2026-01-17,18,26,15,88,0.205,70
custom-post-type-ui,2025-10-22,2026-01-17,18,26,15,88,0.205,70
disable-gutenberg,2025-10-22,2026-01-17,18,26,15,88,0.205,70
duracelltomi-google-tag-manager,2025-10-22,2026-01-17,18,26,15,88,0.205,70
easy-fancybox,2025-10-22,2026-01-17,18,26,15,88,0.205,70
easy-google-fonts,2025-10-22,2026-01-17,18,26,15,88,0.205,70
easy-table-of-contents,2025-10-22,2026-01-17,18,26,15,88,0.205,70
elementskit-lite,2025-10-22,2026-01-17,18,26,15,88,0.205,70
enable-media-replace,2025-10-22,2026-01-17,18,26,15,88,0.205,70
extendify,2025-10-22,2026-01-17,18,26,15,88,0.205,70
facebook-for-woocommerce,2025-10-22,2026-01-17,18,26,15,88,0.205,70
fast-indexing-api,2025-10-22,2026-01-17,18,26,15,88,0.205,70
favicon-by-realfavicongenerator,2025-10-22,2026-01-17,18,26,15,88,0.205,70
flamingo,2025-10-22,2026-01-17,18,26,15,88,0.205,70
gdpr-cookie-compliance,2025-10-22,2026-01-17,18,26,15,88,0.205,70
google-analytics-dashboard-for-wp,2025-10-22,2026-01-17,18,26,15,88,0.205,70
google-listings-and-ads,2025-10-22,2026-01-17,18,26,15,88,0.205,70
health-check,2025-10-22,2026-01-17,18,38,14,88,0.205,70
hello-dolly,2025-10-22,2026-01-17,18,38,14,88,0.205,70
host-webfonts-local,2025-10-22,2026-01-17,18,39,14,88,0.205,70
imsanity,2025-10-22,2026-01-17,18,42,14,88,0.205,70
inpost-for-woocommerce,2025-10-22,2026-01-17,18,42,14,88,0.205,70
yith-woocommerce-compare,2025-10-22,2026-01-17,18,40,14,88,0.205,70
amp,2025-10-22,2026-01-17,19,27,16,88,0.216,69
antispam-bee,2025-10-22,2026-01-17,19,27,16,88,0.216,69
broken-link-checker,2025-10-22,2026-01-17,19,27,16,88,0.216,69
google-sitemap-generator,2025-10-22,2026-01-17,19,28,15,88,0.216,69
gtranslate,2025-10-22,2026-01-17,19,30,15,88,0.216,69
gutenberg,2025-10-22,2026-01-17,19,37,15,88,0.216,69
happy-elementor-addons,2025-10-22,2026-01-17,19,36,15,88,0.216,69
header-and-footer-scripts,2025-10-22,2026-01-17,19,37,15,88,0.216,69
header-footer,2025-10-22,2026-01-17,19,38,15,88,0.216,69
header-footer-code-manager,2025-10-22,2026-01-17,19,38,15,88,0.216,69
hunk-companion,2025-10-22,2026-01-17,19,43,15,88,0.216,69
image-optimization,2025-10-22,2026-01-17,19,43,15,88,0.216,69
imagify,2025-10-22,2026-01-17,19,43,15,88,0.216,69
instagram-feed,2025-10-22,2026-01-17,19,43,15,88,0.216,69
intuitive-custom-post-order,2025-10-22,2026-01-17,19,43,15,88,0.216,69
kirki,2025-10-22,2026-01-17,19,42,15,88,0.216,69
leadin,2025-10-22,2026-01-17,19,43,15,88,0.216,69
limit-login-attempts,2025-10-22,2026-01-17,19,42,15,88,0.216,69
loco-translate,2025-10-22,2026-01-17,19,43,15,88,0.216,69
loginpress,2025-10-22,2026-01-17,19,42,15,88,0.216,69
mailchimp-for-woocommerce,2025-10-22,2026-01-17,19,43,15,88,0.216,69
ocean-extra,2025-10-22,2026-01-17,19,41,15,88,0.216,69
post-types-order,2025-10-22,2026-01-17,19,43,15,88,0.216,69
shortcodes-ultimate,2025-10-22,2026-01-17,19,43,15,88,0.216,69
shortpixel-image-optimiser,2025-10-22,2026-01-17,19,43,15,88,0.216,69
siteorigin-panels,2025-10-22,2026-01-17,19,42,15,88,0.216,69
ssl-insecure-content-fixer,2025-10-22,2026-01-17,19,42,15,88,0.216,69
table-of-contents-plus,2025-10-22,2026-01-17,19,42,15,88,0.216,69
unyson,2025-10-22,2026-01-17,19,42,15,88,0.216,69
use-any-font,2025-10-22,2026-01-17,19,42,15,88,0.216,69
widget-importer-exporter,2025-10-22,2026-01-17,19,42,15,88,0.216,69
woocommerce-gateway-stripe,2025-10-22,2026-01-17,19,42,15,88,0.216,69
woocommerce-paypal-payments,2025-10-22,2026-01-17,19,42,15,88,0.216,69
woosidebars,2025-10-22,2026-01-17,19,42,15,88,0.216,69
wp-migrate-db,2025-10-22,2026-01-17,19,42,15,88,0.216,69
wp-sitemap-page,2025-10-22,2026-01-17,19,42,15,88,0.216,69
backwpup,2025-10-22,2026-01-17,20,30,19,88,0.227,68
cloudflare,2025-10-22,2026-01-17,20,28,17,88,0.227,68
coblocks,2025-10-22,2026-01-17,20,28,17,88,0.227,68
font-awesome,2025-10-22,2026-01-17,20,28,17,88,0.227,68
photo-gallery,2025-10-22,2026-01-17,20,43,16,88,0.227,68
php-compatibility-checker,2025-10-22,2026-01-17,20,42,16,88,0.227,68
polylang,2025-10-22,2026-01-17,20,43,16,88,0.227,68
popup-builder,2025-10-22,2026-01-17,20,43,16,88,0.227,68
premium-addons-for-elementor,2025-10-22,2026-01-17,20,43,16,88,0.227,68
pretty-link,2025-10-22,2026-01-17,20,44,16,88,0.227,68
simple-custom-post-order,2025-10-22,2026-01-17,20,44,16,88,0.227,68
simple-history,2025-10-22,2026-01-17,20,43,16,88,0.227,68
simple-page-ordering,2025-10-22,2026-01-17,20,43,16,88,0.227,68
speedycache,2025-10-22,2026-01-17,20,43,16,88,0.227,68
tablepress,2025-10-22,2026-01-17,20,44,16,88,0.227,68
themeisle-companion,2025-10-22,2026-01-17,20,44,16,88,0.227,68
velvet-blues-update-urls,2025-10-22,2026-01-17,20,43,16,88,0.227,68
woo-inpost,2025-10-22,2026-01-17,20,43,16,88,0.227,68
woocommerce-gateway-paypal-express-checkout,2025-10-22,2026-01-17,20,43,16,88,0.227,68
woocommerce-legacy-rest-api,2025-10-22,2026-01-17,20,43,16,88,0.227,68
woocommerce-pdf-invoices-packing-slips,2025-10-22,2026-01-17,20,43,16,88,0.227,68
woocommerce-services,2025-10-22,2026-01-17,20,43,16,88,0.227,68
yith-woocommerce-wishlist,2025-10-22,2026-01-17,20,43,16,88,0.227,68
easy-wp-smtp,2025-10-22,2026-01-17,21,43,17,88,0.239,67
ga-google-analytics,2025-10-22,2026-01-17,21,29,18,88,0.239,67
jetpack-boost,2025-10-22,2026-01-17,21,45,17,88,0.239,67
kadence-blocks,2025-10-22,2026-01-17,21,45,17,88,0.239,67
mailpoet,2025-10-22,2026-01-17,21,45,17,88,0.239,67
maintenance,2025-10-22,2026-01-17,21,44,17,88,0.239,67
malcare-security,2025-10-22,2026-01-17,21,45,17,88,0.239,67
megamenu,2025-10-22,2026-01-17,21,45,17,88,0.239,67
members,2025-10-22,2026-01-17,21,45,17,88,0.239,67
meta-box,2025-10-22,2026-01-17,21,45,17,88,0.239,67
ml-slider,2025-10-22,2026-01-17,21,45,17,88,0.239,67
newsletter,2025-10-22,2026-01-17,21,45,17,88,0.239,67
nextend-facebook-connect,2025-10-22,2026-01-17,21,45,17,88,0.239,67
one-click-demo-import,2025-10-22,2026-01-17,21,45,17,88,0.239,67
otter-blocks,2025-10-22,2026-01-17,21,44,17,88,0.239,67
safe-svg,2025-10-22,2026-01-17,21,45,17,88,0.239,67
so-widgets-bundle,2025-10-22,2026-01-17,21,44,17,88,0.239,67
taxonomy-terms-order,2025-10-22,2026-01-17,21,44,17,88,0.239,67
translatepress-multilingual,2025-10-22,2026-01-17,21,44,17,88,0.239,67
webp-express,2025-10-22,2026-01-17,21,44,17,88,0.239,67
woo-cart-abandonment-recovery,2025-10-22,2026-01-17,21,44,17,88,0.239,67
woo-variation-swatches,2025-10-22,2026-01-17,21,44,17,88,0.239,67
wordpress-importer,2025-10-22,2026-01-17,21,44,17,88,0.239,67
wp-mail-smtp,2025-10-22,2026-01-17,21,44,17,88,0.239,67
wp-smushit,2025-10-22,2026-01-17,21,43,17,88,0.239,67
wpcf7-recaptcha,2025-10-22,2026-01-17,21,44,17,88,0.239,67
cookie-law-info,2025-10-22,2026-01-17,22,34,22,88,0.25,66
mainwp-child,2025-10-22,2026-01-17,22,45,18,88,0.25,66
metform,2025-10-22,2026-01-17,22,46,18,88,0.25,66
official-facebook-pixel,2025-10-22,2026-01-17,22,45,18,88,0.25,66
password-protected,2025-10-22,2026-01-17,22,45,17,88,0.25,66
pdf-embedder,2025-10-22,2026-01-17,22,46,18,88,0.25,66
pinterest-for-woocommerce,2025-10-22,2026-01-17,22,45,18,88,0.25,66
pixelyoursite,2025-10-22,2026-01-17,22,45,18,88,0.25,66
rss-feed-post-generator-echo,2025-11-02,2026-01-14,8,13,7,74,0.108,66
sg-cachepress,2025-10-22,2026-01-17,22,46,18,88,0.25,66
sticky-header-effects-for-elementor,2025-10-22,2026-01-17,22,45,18,88,0.25,66
sucuri-scanner,2025-10-22,2026-01-17,22,46,18,88,0.25,66
templately,2025-10-22,2026-01-17,22,45,18,88,0.25,66
tinymce-advanced,2025-10-22,2026-01-17,22,45,18,88,0.25,66
under-construction-page,2025-10-22,2026-01-17,22,45,18,88,0.25,66
userfeedback-lite,2025-10-22,2026-01-17,22,45,18,88,0.25,66
webp-converter-for-media,2025-10-22,2026-01-17,22,45,18,88,0.25,66
woo-checkout-field-editor-pro,2025-10-22,2026-01-17,22,44,18,88,0.25,66
woocommerce-simple-registration,2025-11-09,2026-01-16,3,3,3,69,0.043,66
worker,2025-10-22,2026-01-17,22,45,18,88,0.25,66
wp-crontrol,2025-10-22,2026-01-17,22,45,18,88,0.25,66
wp-google-maps,2025-10-22,2026-01-17,22,47,18,88,0.25,66
wp-maintenance-mode,2025-10-22,2026-01-17,22,45,18,88,0.25,66
wp-multibyte-patch,2025-10-22,2026-01-17,22,45,18,88,0.25,66
wp-pagenavi,2025-10-22,2026-01-17,22,45,18,88,0.25,66
wp-reset,2025-10-22,2026-01-17,22,45,18,88,0.25,66
wp-rollback,2025-10-22,2026-01-17,22,45,18,88,0.25,66
ninja-forms,2025-10-22,2026-01-17,23,46,19,88,0.261,65
regenerate-thumbnails,2025-10-22,2026-01-17,23,47,18,88,0.261,65
stops-core-theme-and-plugin-updates,2025-10-22,2026-01-17,23,46,19,88,0.261,65
user-role-editor,2025-10-22,2026-01-17,23,46,19,88,0.261,65
wp-mail-logging,2025-10-22,2026-01-17,23,45,19,88,0.261,65
wp-reviews-plugin-for-google,2025-10-22,2026-01-17,23,46,19,88,0.261,65
wpvivid-backuprestore,2025-10-22,2026-01-17,23,44,19,88,0.261,65
give,2025-10-22,2026-01-17,24,41,21,88,0.273,64
really-simple-captcha,2025-10-22,2026-01-17,24,48,19,88,0.273,64
fluent-smtp,2025-10-22,2026-01-17,25,41,27,88,0.284,63
wp-seopress,2025-10-22,2026-01-17,25,48,21,88,0.284,63
event-monster,2025-10-26,2026-01-17,22,72,26,84,0.262,62
forminator,2025-10-22,2026-01-17,26,42,28,88,0.295,62
the-events-calendar,2025-10-22,2026-01-17,26,57,27,88,0.295,62
popup-maker,2025-10-22,2026-01-17,27,57,28,88,0.307,61
royal-elementor-addons,2025-10-22,2026-01-17,27,60,22,88,0.307,61
user-meta,2025-10-26,2026-01-17,23,73,27,84,0.274,61
securimage-wp,2025-10-26,2026-01-17,24,46,21,84,0.286,60
wpcf7-redirect,2025-10-22,2026-01-17,28,60,30,88,0.318,60
custom-tables,2025-10-26,2026-01-17,25,47,22,84,0.298,59
knews,2025-10-26,2026-01-17,25,46,22,84,0.298,59
slideshow-jquery-image-gallery,2025-10-26,2026-01-17,25,49,22,84,0.298,59
under-construction-maintenance-mode,2025-10-26,2026-01-17,25,48,22,84,0.298,59
woocommerce-payments,2025-10-22,2026-01-17,29,80,29,88,0.33,59
cekidot,2025-11-16,2026-01-19,7,28,19,65,0.108,58
checklist,2025-10-25,2026-01-17,28,80,32,85,0.329,57
nextgen-gallery,2025-10-22,2026-01-17,31,90,30,88,0.352,57
s3-video,2025-10-21,2026-01-19,34,96,40,91,0.374,57
siteguard,2025-10-22,2026-01-17,31,111,34,88,0.352,57
uni-woo-custom-product-options-premium,2025-10-30,2026-01-03,9,12,7,66,0.136,57
wp-ticket,2025-11-06,2026-01-17,17,37,15,73,0.233,56
download-manager,2025-10-25,2026-01-19,32,99,44,87,0.368,55
uix-shortcodes,2025-10-24,2026-01-17,31,134,35,86,0.36,55
event-espresso-core-reg,2025-10-21,2026-01-17,35,96,43,89,0.393,54
jh-404-logger,2025-10-26,2026-01-16,29,72,32,83,0.349,54
protect-wp-admin,2025-11-06,2026-01-19,21,67,24,75,0.28,54
wpsolr-search-engine,2025-10-21,2026-01-19,37,95,40,91,0.407,54
ultimate-faqs,2025-10-22,2026-01-17,35,94,40,88,0.398,53
aviary-image-editor-add-on-for-gravity-forms,2025-10-21,2026-01-13,33,88,46,85,0.388,52
dm-albums,2025-10-21,2026-01-13,33,109,51,85,0.388,52
nd-booking,2025-10-25,2026-01-19,35,92,42,87,0.402,52
raygun4wp,2025-10-23,2026-01-19,37,97,41,89,0.416,52
trafficanalyzer,2025-10-22,2026-01-19,38,115,51,90,0.422,52
whizz,2025-10-25,2026-01-19,35,92,39,87,0.402,52
wp-mobile-detector,2025-10-21,2026-01-13,33,89,46,85,0.388,52
wp-simple-firewall,2025-10-20,2026-01-17,38,50,42,90,0.422,52
yuzo-related-post,2025-10-21,2026-01-13,33,102,44,85,0.388,52
anti-plagiarism,2025-10-25,2026-01-19,36,97,41,87,0.414,51
drag-and-drop-multiple-file-upload-contact-form-7,2025-10-25,2026-01-17,34,147,40,85,0.4,51
drag-and-drop-multiple-file-upload-for-woocommerce,2025-10-21,2026-01-13,34,101,54,85,0.4,51
enhanced-tooltipglossary,2025-10-23,2026-01-19,38,98,40,89,0.427,51
feed-them-social,2025-10-23,2026-01-17,36,95,37,87,0.414,51
hdw-tube,2025-10-21,2026-01-19,40,113,49,91,0.44,51
simpel-reserveren,2025-10-25,2026-01-19,36,95,38,87,0.414,51
simple-membership,2025-10-26,2026-01-19,35,92,35,86,0.407,51
smart-manager-for-wp-e-commerce,2025-10-26,2026-01-17,33,68,35,84,0.393,51
admin-font-editor,2025-10-25,2026-01-19,37,96,41,87,0.425,50
daggerhart-openid-connect-generic,2025-10-23,2026-01-19,39,98,41,89,0.438,50
defa-online-image-protector,2025-10-25,2026-01-19,37,95,40,87,0.425,50
embed-swagger,2025-10-26,2026-01-17,34,96,39,84,0.405,50
flex-qr-code-generator,2025-11-11,2026-01-03,4,7,4,54,0.074,50
gift-voucher,2025-10-21,2026-01-19,41,157,48,91,0.451,50
insert-php,2025-10-26,2026-01-18,35,150,34,85,0.412,50
jsmol2wp,2025-10-25,2026-01-19,37,98,42,87,0.425,50
mf-gig-calendar,2025-10-22,2026-01-19,40,121,52,90,0.444,50
page-layout-builder,2025-10-25,2026-01-19,37,95,37,87,0.425,50
social-warfare,2025-10-25,2026-01-19,37,98,45,87,0.425,50
sourceafrica,2025-10-21,2026-01-19,41,105,47,91,0.451,50
tidio-gallery,2025-10-25,2026-01-19,37,95,41,87,0.425,50
ultimate-weather-plugin,2025-10-25,2026-01-19,37,102,49,87,0.425,50
ajax-random-post,2025-10-21,2026-01-19,42,104,42,91,0.462,49
amty-thumb-recent-post,2025-10-25,2026-01-19,38,99,42,87,0.437,49
canto,2025-10-21,2026-01-18,41,114,53,90,0.456,49
fluentform,2025-10-22,2026-01-17,39,177,54,88,0.443,49
forget-about-shortcode-buttons,2025-10-25,2026-01-19,38,97,41,87,0.437,49
navis-documentcloud,2025-10-23,2026-01-19,40,102,42,89,0.449,49
stacks-mobile-app-builder,2025-10-23,2026-01-17,38,151,46,87,0.437,49
stop-spammer-registrations-plugin,2025-10-23,2026-01-17,38,99,43,87,0.437,49
wp-mailster,2025-10-25,2026-01-19,38,100,44,87,0.437,49
all-in-one-event-calendar,2025-10-21,2026-01-19,43,126,54,91,0.473,48
featurific-for-wordpress,2025-10-21,2026-01-19,43,128,51,91,0.473,48
giveasap,2025-10-23,2026-01-19,41,101,40,89,0.461,48
hero-maps-pro,2025-10-25,2026-01-19,39,103,46,87,0.448,48
movies,2025-10-25,2026-01-19,39,103,49,87,0.448,48
new-year-firework,2025-10-25,2026-01-19,39,98,40,87,0.448,48
podlove-podcasting-plugin-for-wordpress,2025-10-29,2025-12-27,12,15,12,60,0.2,48
tidio-form,2025-10-25,2026-01-19,39,98,42,87,0.448,48
wp-integrator,2025-10-22,2026-01-19,42,120,55,90,0.467,48
wp-symposium,2025-10-25,2026-01-19,39,99,42,87,0.448,48
ai-engine,2025-11-09,2026-01-10,16,50,21,63,0.254,47
crm-perks-forms,2025-10-23,2026-01-17,40,113,41,87,0.46,47
site-offline,2025-10-26,2026-01-19,39,98,38,86,0.453,47
category-grid-view-gallery,2025-10-21,2026-01-19,45,118,51,91,0.495,46
clickdesk-live-support-chat,2025-10-21,2026-01-19,45,133,56,91,0.495,46
download-monitor,2025-10-22,2026-01-19,44,125,53,90,0.489,46
indexisto,2025-10-21,2026-01-19,45,106,45,91,0.495,46
mstore-api,2025-10-22,2026-01-19,44,160,50,90,0.489,46
parsi-font,2025-10-25,2026-01-19,41,103,43,87,0.471,46
photoxhibit,2025-10-25,2026-01-19,41,101,44,87,0.471,46
wp-event-solution,2025-10-28,2025-12-27,15,25,19,61,0.246,46
wp-meta-seo,2025-10-26,2026-01-19,40,110,47,86,0.465,46
bbpress,2025-10-22,2026-01-19,45,66,51,90,0.5,45
easy-digital-downloads,2025-10-21,2026-01-19,46,198,64,91,0.505,45
essential-blocks,2025-10-22,2026-01-18,44,181,55,89,0.494,45
formidable,2025-10-22,2026-01-19,45,156,53,90,0.5,45
hypercomments,2025-10-26,2026-01-17,39,158,48,84,0.464,45
kingcomposer,2025-10-22,2026-01-19,45,68,53,90,0.5,45
ultimate-member,2025-10-22,2026-01-19,45,192,58,90,0.5,45
wp-central,2025-10-22,2026-01-19,45,67,54,90,0.5,45
wp-video-lightbox,2025-10-22,2026-01-19,45,68,51,90,0.5,45
wpschoolpress,2025-10-22,2026-01-19,45,67,52,90,0.5,45
WooCommerce-Multi-Locations-Inventory-Management,2025-11-07,2025-12-27,7,9,6,51,0.137,44
activehelper-livehelp,2025-10-25,2026-01-19,43,105,46,87,0.494,44
church-admin,2025-10-25,2026-01-19,43,105,47,87,0.494,44
sniplets,2025-10-21,2026-01-19,47,132,56,91,0.516,44
the-plus-addons-for-elementor-page-builder,2025-10-26,2026-01-16,39,139,42,83,0.47,44
uploader,2025-10-21,2026-01-19,47,125,56,91,0.516,44
wp-facethumb,2025-10-22,2026-01-19,46,124,54,90,0.511,44
fancy-product-designer,2025-10-22,2026-01-19,47,68,53,90,0.522,43
flash-album-gallery,2025-10-21,2026-01-19,48,135,56,91,0.527,43
form-maker,2025-10-26,2026-01-16,40,140,46,83,0.482,43
ht-contactform,2025-11-07,2025-12-27,8,9,6,51,0.157,43
masterstudy-lms-learning-management-system,2025-10-21,2026-01-19,48,75,62,91,0.527,43
sitepress-multilingual-cms,2025-11-22,2026-01-11,8,14,10,51,0.157,43
skysa-official,2025-10-21,2026-01-19,48,132,57,91,0.527,43
backup-backup,2025-10-22,2026-01-18,47,178,57,89,0.528,42
e-search,2025-10-25,2026-01-19,45,115,51,87,0.517,42
order-delivery-date,2025-11-07,2025-12-27,9,10,7,51,0.176,42
wp-marketing-automations,2025-11-07,2025-12-27,9,11,7,51,0.176,42
media-library-assistant,2025-10-20,2026-01-18,50,204,67,91,0.549,41
my-calendar,2025-10-22,2026-01-17,47,190,69,88,0.534,41
adminimize,2025-10-21,2026-01-19,51,160,65,91,0.56,40
visualizer,2025-10-25,2026-01-18,46,182,60,86,0.535,40
woocommerce-abandoned-cart,2025-10-25,2026-01-17,45,204,57,85,0.529,40
wp-time-capsule,2025-10-22,2026-01-19,50,85,63,90,0.556,40
infusionsoft,2025-10-21,2026-01-19,52,131,60,91,0.571,39
latepoint,2025-11-09,2025-12-20,3,3,3,42,0.071,39
advanced-text-widget,2025-10-21,2026-01-19,54,298,65,91,0.593,37
jeg-elementor-kit,2025-10-21,2026-01-19,54,216,57,91,0.593,37
total-donations,2025-10-25,2026-01-19,50,214,70,87,0.575,37
wc-multivendor-marketplace,2025-10-24,2026-01-18,50,191,68,87,0.575,37
wp-registration,2025-11-07,2025-12-27,14,22,16,51,0.275,37
better-wp-security,2025-10-22,2026-01-19,54,91,65,90,0.6,36
pie-register,2025-10-23,2026-01-18,52,227,80,88,0.591,36
astra-sites,2025-10-22,2026-01-19,55,93,65,90,0.611,35
code-snippets,2025-10-22,2026-01-19,55,93,65,90,0.611,35
complianz-gdpr,2025-10-22,2026-01-19,55,92,70,90,0.611,35
duplicate-post,2025-10-22,2026-01-19,55,90,67,90,0.611,35
google-analytics-for-wordpress,2025-10-22,2026-01-19,55,90,65,90,0.611,35
import-xml-feed,2025-10-20,2026-01-19,57,224,80,92,0.62,35
user-registration,2025-11-09,2025-12-20,7,10,5,42,0.167,35
acf-frontend-form-element,2025-12-04,2026-01-09,3,4,4,37,0.081,34
advanced-custom-fields,2025-10-22,2026-01-19,56,93,73,90,0.622,34
all-in-one-seo-pack,2025-10-22,2026-01-19,56,92,65,90,0.622,34
autoptimize,2025-10-22,2026-01-19,56,94,71,90,0.622,34
coming-soon,2025-10-22,2026-01-19,56,92,67,90,0.622,34
disable-comments,2025-10-22,2026-01-19,56,93,69,90,0.622,34
duplicate-page,2025-10-22,2026-01-19,56,92,67,90,0.622,34
envato-elements,2025-10-22,2026-01-19,56,93,67,90,0.622,34
ewww-image-optimizer,2025-10-22,2026-01-19,56,93,64,90,0.622,34
excel-like-price-change-for-woocommerce-and-wp-e-commerce-light,2025-10-28,2025-12-06,6,6,6,40,0.15,34
header-footer-elementor,2025-10-22,2026-01-19,56,104,66,90,0.622,34
mailchimp-for-wp,2025-10-22,2026-01-19,56,109,66,90,0.622,34
cleantalk-spam-protect,2025-10-25,2026-01-18,53,212,73,86,0.616,33
google-site-kit,2025-10-22,2026-01-19,57,93,68,90,0.633,33
hostinger,2025-10-22,2026-01-19,57,107,68,90,0.633,33
insert-headers-and-footers,2025-10-22,2026-01-19,57,109,70,90,0.633,33
sg-security,2025-10-22,2026-01-19,57,110,70,90,0.633,33
smart-slider-3,2025-10-22,2026-01-19,57,110,65,90,0.633,33
suretriggers,2025-11-09,2025-12-20,9,17,12,42,0.214,33
wp-user-avatar,2025-10-22,2026-01-19,57,109,66,90,0.633,33
akismet,2025-10-22,2026-01-19,58,103,76,90,0.644,32
all-in-one-wp-security-and-firewall,2025-10-22,2026-01-19,58,96,71,90,0.644,32
limit-login-attempts-reloaded,2025-10-22,2026-01-19,58,109,71,90,0.644,32
redirection,2025-10-22,2026-01-19,58,110,67,90,0.644,32
svg-support,2025-10-22,2026-01-19,58,110,65,90,0.644,32
iwp-client,2025-10-22,2026-01-19,59,112,72,90,0.656,31
jetpack,2025-10-22,2026-01-19,59,113,66,90,0.656,31
ultimate-addons-for-gutenberg,2025-10-22,2026-01-19,59,111,69,90,0.656,31
wp-super-cache,2025-10-22,2026-01-19,59,114,70,90,0.656,31
wpforms-lite,2025-10-22,2026-01-19,59,111,69,90,0.656,31
2-click-socialmedia-buttons,2025-10-21,2026-01-19,61,234,101,91,0.67,30
contact-form-7,2025-10-22,2026-01-19,60,97,66,90,0.667,30
optinmonster,2025-10-22,2026-01-19,60,114,73,90,0.667,30
redux-framework,2025-10-22,2026-01-19,60,112,71,90,0.667,30
ti-woocommerce-wishlist,2025-10-31,2025-12-06,7,13,10,37,0.189,30
updraftplus,2025-10-22,2026-01-19,60,116,73,90,0.667,30
wp-optimize,2025-10-22,2026-01-19,60,113,67,90,0.667,30
king-addons,2025-11-22,2025-12-27,7,14,11,36,0.194,29
really-simple-ssl,2025-10-22,2026-01-19,61,121,74,90,0.678,29
w3-total-cache,2025-10-22,2026-01-19,61,130,88,90,0.678,29
wordpress-seo,2025-10-22,2026-01-19,61,123,82,90,0.678,29
all-in-one-wp-migration,2025-10-22,2026-01-19,62,171,95,90,0.689,28
woocommerce,2025-10-22,2026-01-19,62,124,82,90,0.689,28
cryptocurrency-widgets-pack,2025-10-21,2026-01-19,64,220,69,91,0.703,27
essential-addons-for-elementor-lite,2025-10-22,2026-01-19,63,145,79,90,0.7,27
wordpress-database-reset,2025-10-21,2026-01-19,64,156,98,91,0.703,27
wp-job-portal,2025-10-30,2025-11-28,3,4,3,30,0.1,27
wp-file-manager,2025-10-22,2026-01-19,64,138,83,90,0.711,26
acf-extended,2025-12-03,2026-01-03,7,16,12,32,0.219,25
add-hierarchy-parent-to-post,2025-10-26,2025-11-24,5,5,2,30,0.167,25
wordfence,2025-10-22,2026-01-19,65,151,78,90,0.722,25
wps-hide-login,2025-10-22,2026-01-19,65,183,87,90,0.722,25
wp-statistics,2025-10-21,2026-01-19,67,320,97,91,0.736,24
gutenkit-blocks-addon,2025-10-27,2025-11-28,10,26,6,33,0.303,23
better-search-replace,2025-10-22,2026-01-19,68,225,111,90,0.756,22
instawp-connect,2025-11-02,2025-11-28,5,12,4,27,0.185,22
json-api-user,2025-11-02,2025-11-28,5,9,3,27,0.185,22
wp-fastest-cache,2025-10-22,2026-01-19,68,248,99,90,0.756,22
quiz-master-next,2025-11-09,2025-12-06,8,14,11,28,0.286,20
wp-database-backup,2025-11-10,2025-12-06,7,13,10,27,0.259,20
wp-pipes,2025-11-10,2025-12-06,7,13,10,27,0.259,20
wp-server-stats,2025-11-10,2025-12-06,7,13,10,27,0.259,20
wpcom-member,2025-11-10,2025-12-06,7,13,10,27,0.259,20
duplicator,2025-10-22,2026-01-19,71,217,115,90,0.789,19
seo-by-rank-math,2025-10-22,2026-01-19,71,344,135,90,0.789,19
wpcargo,2025-11-09,2025-12-06,9,15,12,28,0.321,19
activedemand,2025-11-09,2025-11-28,2,2,2,20,0.1,18
advanced-import,2025-11-09,2025-11-28,2,2,2,20,0.1,18
alphabetic-pagination,2025-11-09,2025-11-28,2,2,2,20,0.1,18
armember-membership,2025-11-09,2025-11-28,2,2,2,20,0.1,18
baiduseo,2025-11-09,2025-11-28,2,2,2,20,0.1,18
bertha-ai-free,2025-11-09,2025-11-28,2,2,2,20,0.1,18
booking-calendar,2025-11-09,2025-11-28,2,2,2,20,0.1,18
capabilities-pro,2025-11-09,2025-11-28,2,2,2,20,0.1,18
capability-manager-enhanced,2025-11-09,2025-11-28,2,2,2,20,0.1,18
custom-registration-form-builder-with-submission-manager,2025-11-09,2025-11-28,2,2,2,20,0.1,18
directorist,2025-11-09,2025-11-28,2,2,2,20,0.1,18
edwiser-bridge,2025-11-09,2025-11-28,2,2,2,20,0.1,18
email-posts-to-subscribers,2025-11-09,2025-11-28,2,2,2,20,0.1,18
emails-verification-for-woocommerce,2025-11-09,2025-11-28,2,2,2,20,0.1,18
extensive-vc-addon,2025-11-09,2025-11-28,2,2,2,20,0.1,18
file-away,2025-11-09,2025-11-28,2,2,2,20,0.1,18
ht-mega-for-elementor,2025-11-09,2025-11-28,2,2,2,20,0.1,18
image-hover-effects-ultimate,2025-11-09,2025-11-28,2,2,2,20,0.1,18
js-support-ticket,2025-11-09,2025-11-28,2,4,2,20,0.1,18
jupiterx-core,2025-11-09,2025-11-28,2,2,2,20,0.1,18
k-elements,2025-11-09,2025-11-28,2,2,2,20,0.1,18
keydatas,2025-11-09,2025-11-28,2,2,2,20,0.1,18
learning-management-system,2025-11-09,2025-11-28,2,2,2,20,0.1,18
learnpress,2025-11-09,2025-11-28,2,2,2,20,0.1,18
litespeed-cache,2025-10-20,2026-01-19,74,314,135,92,0.804,18
login-as-customer-or-user,2025-11-09,2025-11-28,2,2,2,20,0.1,18
membership-for-woocommerce,2025-11-09,2025-11-28,2,2,2,20,0.1,18
miniorange-2-factor-authentication,2025-11-09,2025-11-28,2,2,2,20,0.1,18
miniorange-malware-protection,2025-11-09,2025-11-28,2,2,2,20,0.1,18
n-media-woocommerce-checkout-fields,2025-11-09,2025-11-28,2,2,2,20,0.1,18
nd-donations,2025-11-09,2025-11-28,2,2,2,20,0.1,18
nd-learning,2025-11-09,2025-11-28,2,2,2,20,0.1,18
nd-restaurant-reservations,2025-11-09,2025-11-28,2,2,2,20,0.1,18
nd-shortcodes,2025-11-09,2025-11-28,2,2,2,20,0.1,18
phppoet-checkout-fields,2025-11-09,2025-11-28,2,2,2,20,0.1,18
pie-register-premium,2025-11-09,2025-11-28,2,2,2,20,0.1,18
post-grid,2025-11-09,2025-11-28,2,2,2,20,0.1,18
really-simple-ssl-pro,2025-11-09,2025-11-28,2,2,2,20,0.1,18
really-simple-ssl-pro-multisite,2025-11-09,2025-11-28,2,2,2,20,0.1,18
rencontre,2025-11-09,2025-11-28,2,2,2,20,0.1,18
security-malware-firewall,2025-11-09,2025-11-28,2,2,2,20,0.1,18
shortcode-addons,2025-11-09,2025-11-28,2,2,2,20,0.1,18
simply-schedule-appointments,2025-11-09,2025-11-28,2,2,2,20,0.1,18
sitemap-by-click5,2025-11-09,2025-11-28,2,2,2,20,0.1,18
startklar-elmentor-forms-extwidgets,2025-11-09,2025-11-28,2,2,2,20,0.1,18
themegrill-demo-importer,2025-11-09,2025-11-28,2,2,2,20,0.1,18
udraw,2025-11-09,2025-11-28,2,2,2,20,0.1,18
ulisting,2025-11-09,2025-11-28,2,2,2,20,0.1,18
user-registration-pro,2025-11-09,2025-11-29,3,3,3,21,0.143,18
user-verification,2025-11-09,2025-11-28,2,2,2,20,0.1,18
vc-tabs,2025-11-09,2025-11-28,2,2,2,20,0.1,18
videowhisper-live-streaming-integration,2025-11-09,2025-11-28,2,2,2,20,0.1,18
wc-fields-factory,2025-11-09,2025-11-29,3,3,3,21,0.143,18
wholesale-market-for-woocommerce,2025-11-09,2025-11-28,2,2,2,20,0.1,18
woo-product-table,2025-11-09,2025-11-28,2,2,2,20,0.1,18
woo-refund-and-exchange-lite,2025-11-09,2025-11-28,2,2,2,20,0.1,18
woocommerce-jetpack,2025-11-09,2025-11-28,2,2,2,20,0.1,18
wp-email-capture,2025-11-09,2025-11-28,2,2,2,20,0.1,18
wp-sms,2025-11-09,2025-11-28,2,2,2,20,0.1,18
wp-upg,2025-11-09,2025-11-28,2,2,2,20,0.1,18
yith-woocommerce-gift-cards-premium,2025-11-09,2025-11-28,2,2,2,20,0.1,18
zendrop-dropshipping-and-fulfillment,2025-11-09,2025-11-28,2,2,2,20,0.1,18
zm-ajax-login-register,2025-11-09,2025-11-28,2,2,2,20,0.1,18
chatbot-chatgpt,2025-11-09,2025-11-28,3,4,4,20,0.15,17
jobboardwp,2025-11-09,2025-11-28,3,4,3,20,0.15,17
wp-mlm,2025-11-09,2025-11-28,3,3,3,20,0.15,17
wp-post-author,2025-11-09,2025-11-28,3,3,3,20,0.15,17
elementor,2025-10-21,2026-01-19,75,241,107,91,0.824,16
wp-stats-manager,2025-10-20,2026-01-19,76,234,134,92,0.826,16
loginizer,2025-10-21,2026-01-19,77,319,136,91,0.846,14
file-provider,2025-11-22,2025-12-06,2,3,3,15,0.133,13
"*"",""",2025-12-25,2026-01-16,12,16,16,23,0.522,11
contact-form-7-multi-step-addon,2025-11-22,2025-12-06,4,6,6,15,0.267,11
acf-quickedit-fields,2025-11-22,2025-12-06,5,6,5,15,0.333,10
easy-upload-files-during-checkout,2025-11-22,2025-12-06,5,9,7,15,0.333,10
thumbs-rating,2025-11-22,2025-12-06,5,6,6,15,0.333,10
userplus,2025-11-22,2025-12-06,5,7,7,15,0.333,10
waveplayer,2025-12-16,2025-12-27,2,3,3,12,0.167,10
wicked-folders,2025-11-22,2025-12-06,5,7,6,15,0.333,10
ad-invalid-click-protector,2025-11-22,2025-12-06,6,12,9,15,0.4,9
afp,2025-11-22,2025-12-06,6,12,9,15,0.4,9
ait-csv-import-export,2025-11-22,2025-12-06,6,12,9,15,0.4,9
asset-manager,2025-11-22,2025-12-06,6,12,9,15,0.4,9
b-slider,2025-11-22,2025-12-06,6,12,9,15,0.4,9
blaze-widget,2025-11-22,2025-12-06,6,12,9,15,0.4,9
britetechs-companion,2025-11-22,2025-12-06,6,12,9,15,0.4,9
calendar,2025-11-26,2025-12-06,2,2,2,11,0.182,9
chart-builder,2025-11-22,2025-12-06,6,12,9,15,0.4,9
cm-email-blacklist,2025-11-22,2025-12-06,6,12,9,15,0.4,9
copymatic,2025-11-22,2025-12-06,6,12,9,15,0.4,9
csv-to-html,2025-11-26,2025-12-06,2,2,2,11,0.182,9
database-toolset,2025-11-22,2025-12-06,6,12,9,15,0.4,9
debug-tool,2025-11-22,2025-12-06,6,12,9,15,0.4,9
easy-facebook-likebox,2025-11-22,2025-12-06,6,12,9,15,0.4,9
epoll-wp-voting,2025-11-22,2025-12-06,6,12,9,15,0.4,9
everest-forms,2025-11-22,2025-12-06,6,9,9,15,0.4,9
exclusive-content-password-protect,2025-11-22,2025-12-06,6,12,9,15,0.4,9
flynax-bridge,2025-11-22,2025-12-06,6,12,9,15,0.4,9
free-wp-booster-by-ads-pro,2025-11-22,2025-12-06,6,12,9,15,0.4,9
geo-my-wp,2025-11-22,2025-12-06,6,12,9,15,0.4,9
ghl-wizard,2025-11-22,2025-12-06,6,12,9,15,0.4,9
gotmls,2025-11-22,2025-12-06,6,12,9,15,0.4,9
greenshift-animation-and-page-builder-blocks,2025-11-22,2025-12-06,6,12,9,15,0.4,9
hide-my-wp,2025-11-22,2025-12-06,6,18,10,15,0.4,9
import-export-with-custom-rest-api,2025-11-22,2025-12-06,6,12,9,15,0.4,9
integrate-google-drive,2025-11-22,2025-12-06,6,12,9,15,0.4,9
integration-for-contact-form-7-and-google-sheets,2025-11-22,2025-12-06,6,12,9,15,0.4,9
integration-for-contact-form-7-and-pipedrive,2025-11-22,2025-12-06,6,12,9,15,0.4,9
loginwp-pro,2025-11-22,2025-12-06,6,12,9,15,0.4,9
my-geo-posts-free,2025-11-22,2025-12-06,6,12,9,15,0.4,9
paid-member-subscriptions,2025-11-22,2025-12-06,6,12,9,15,0.4,9
pardakht-delkhah,2025-11-22,2025-12-06,6,12,9,15,0.4,9
partners,2025-11-22,2025-12-06,6,12,9,15,0.4,9
pods,2025-11-22,2025-12-06,6,12,9,15,0.4,9
popup-by-supsystic,2025-11-22,2025-12-06,6,12,9,15,0.4,9
powerpress,2025-11-22,2025-12-06,6,12,9,15,0.4,9
profile-builder,2025-11-22,2025-12-06,6,12,9,15,0.4,9
propertyhive,2025-11-22,2025-12-06,6,12,9,15,0.4,9
rometheme-for-elementor,2025-11-22,2025-12-06,6,12,9,15,0.4,9
s2member,2025-11-22,2025-12-06,6,12,9,15,0.4,9
seo-optimized-images,2025-11-22,2025-12-06,6,11,8,15,0.4,9
simple-comment-editing,2025-11-22,2025-12-06,6,12,9,15,0.4,9
simple-dashboard,2025-11-22,2025-12-06,6,12,9,15,0.4,9
simple-file-list,2025-11-22,2025-12-06,6,12,9,15,0.4,9
simple-payment,2025-11-22,2025-12-06,6,12,9,15,0.4,9
simply-show-hooks,2025-11-22,2025-12-06,6,12,9,15,0.4,9
tumult-hype-animations,2025-11-22,2025-12-06,6,12,9,15,0.4,9
twenty20,2025-11-22,2025-12-06,6,11,9,15,0.4,9
vrpconnector,2025-11-22,2025-12-06,6,9,8,15,0.4,9
wc-shipos-delivery,2025-11-22,2025-12-06,6,12,9,15,0.4,9
woo-order-export-lite,2025-11-22,2025-12-06,6,12,9,15,0.4,9
woocommerce-point-of-sale,2025-11-22,2025-12-06,6,12,9,15,0.4,9
wp-ajax-random-posts,2025-11-22,2025-12-06,6,12,9,15,0.4,9
wp-limit-failed-login-attempts,2025-11-24,2025-12-06,4,4,4,13,0.308,9
wp-prayer,2025-11-22,2025-12-06,6,12,9,15,0.4,9
wrapper-link-elementor,2025-11-22,2025-12-06,6,12,9,15,0.4,9
advanced-custom-fields-pro,2025-11-26,2025-12-06,3,3,3,11,0.273,8
booking,2025-11-25,2025-12-06,4,6,6,12,0.333,8
cmp-coming-soon-maintenance,2026-01-02,2026-01-11,2,2,1,10,0.2,8
course-booking-system,2025-11-26,2025-12-06,3,8,8,11,0.273,8
facebook-auto-publish,2025-11-26,2025-12-06,3,8,8,11,0.273,8
file-manager,2026-01-02,2026-01-11,2,2,1,10,0.2,8
real-time-auto-find-and-replace,2025-11-25,2025-12-06,4,9,9,12,0.333,8
searchpro,2025-11-25,2025-12-06,4,7,7,12,0.333,8
smart-auto-upload-images,2025-11-25,2025-12-06,4,9,9,12,0.333,8
wp-automatic,2025-11-10,2025-11-21,4,6,3,12,0.333,8
wp-file-upload,2025-11-11,2025-11-21,3,7,3,11,0.273,8
"*%22,%22",2025-12-11,2025-12-19,2,2,2,9,0.222,7
contact-form-entries,2025-11-22,2025-12-06,8,18,10,15,0.533,7
wp-recall,2025-11-04,2025-11-11,2,2,2,8,0.25,6
auth0,2025-12-01,2025-12-06,2,5,5,6,0.333,4
eventprime-event-calendar-management,2025-12-01,2025-12-06,2,6,6,6,0.333,4
html-forms,2025-12-01,2025-12-06,2,6,6,6,0.333,4
insert-headers-and-footers-script,2025-12-01,2025-12-06,2,6,6,6,0.333,4
mainwp-vuln,2026-01-13,2026-01-19,3,6,3,7,0.429,4
mangboard,2025-12-01,2025-12-06,2,5,5,6,0.333,4
woolentor-addons,2025-11-10,2025-11-14,2,2,2,5,0.4,3
computer-repair-shop,2025-11-08,2025-11-10,2,2,1,3,0.667,1
events-manager,2025-11-24,2025-11-26,2,2,2,3,0.667,1
tradedoubler-affiliate-tracker,2025-11-09,2025-11-11,2,2,2,3,0.667,1
wocommerce-payments,2025-11-18,2025-11-21,3,8,2,4,0.75,1
12-step-meeting-list,2025-11-14,2025-11-14,1,1,1,1,1,0
123contactform-for-wordpress,2025-11-10,2025-11-10,1,1,1,1,1,0
aawp,2025-11-11,2025-11-11,1,1,1,1,1,0
acf-extended-pro,2025-12-19,2025-12-19,1,1,1,1,1,0
adsense-plugin,2026-01-06,2026-01-06,1,1,1,1,1,0
ai-engine-pro,2025-12-16,2025-12-16,1,1,1,1,1,0
all-in-one-video-gallery,2025-11-28,2025-11-28,1,1,1,1,1,0
allwebmenus-wordpress-menu-plugin,2025-11-10,2025-11-10,1,1,1,1,1,0
ameliabooking,2025-12-16,2025-12-16,1,1,1,1,1,0
angwp,2025-11-10,2025-11-10,1,1,1,1,1,0
another-wordpress-classifieds-plugin,2025-11-10,2025-11-10,1,1,1,1,1,0
ar-for-wordpress,2025-11-11,2025-11-11,1,1,1,1,1,0
blaze-slide-show-for-wordpress,2025-11-11,2025-11-11,1,1,1,1,1,0
blocks,2025-12-01,2025-12-01,1,1,1,1,1,0
branda-white-labeling,2026-01-05,2026-01-05,1,1,1,1,1,0
bws-google-analytics,2026-01-06,2026-01-06,1,1,1,1,1,0
bws-google-maps,2026-01-06,2026-01-06,1,1,1,1,1,0
bws-linkedin,2026-01-06,2026-01-06,1,1,1,1,1,0
bws-pinterest,2026-01-06,2026-01-06,1,1,1,1,1,0
bws-smtp,2026-01-06,2026-01-06,1,1,1,1,1,0
bws-testimonials,2026-01-06,2026-01-06,1,1,1,1,1,0
checkout-mestres-wp,2025-11-10,2025-11-10,1,1,1,1,1,0
contact-form-multi,2026-01-06,2026-01-06,1,1,1,1,1,0
contact-form-plugin,2026-01-06,2026-01-06,1,1,1,1,1,0
contact-form-to-db,2026-01-06,2026-01-06,1,1,1,1,1,0
cpi-wp-migration,2025-12-27,2025-12-27,1,1,1,1,1,0
csv2wpec-coupon,2025-11-11,2025-11-11,1,1,1,1,1,0
custom-admin-page,2026-01-06,2026-01-06,1,1,1,1,1,0
custom-search-plugin,2026-01-06,2026-01-06,1,1,1,1,1,0
deans-fckeditor-with-pwwangs-code-plugin-for-wordpress,2025-11-10,2025-11-10,1,1,1,1,1,0
demo-my-wordpress,2025-11-10,2025-11-10,1,1,1,1,1,0
depicter,2025-11-25,2025-11-25,1,1,1,1,1,0
document-emberdder,2025-12-16,2025-12-16,1,1,1,1,1,0
dynamic-font-replacement-4wp,2025-11-10,2025-11-10,1,1,1,1,1,0
ecab-taxi-booking-manager,2025-12-27,2025-12-27,1,1,1,1,1,0
error-log-viewer,2026-01-06,2026-01-06,1,1,1,1,1,0
forumwp,2025-11-10,2025-11-10,1,1,1,1,1,0
hash-form,2025-10-31,2025-10-31,1,1,1,1,1,0
hc-custom-wp-admin-url,2025-11-11,2025-11-11,1,1,1,1,1,0
htaccess,2026-01-06,2026-01-06,1,1,1,1,1,0
html2wp,2025-11-10,2025-11-10,1,1,1,1,1,0
i-dump-iphone-to-wordpress-photo-uploader,2025-11-10,2025-11-10,1,1,1,1,1,0
indeed-wp-superbackup,2025-11-10,2025-11-10,1,1,1,1,1,0
jobwp,2025-11-10,2025-11-10,1,1,1,1,1,0
kubio,2025-11-25,2025-11-28,4,6,1,4,1,0
lim4wp,2025-11-10,2025-11-10,1,1,1,1,1,0
litespeed-cache-plugin,2025-11-22,2025-11-23,2,17,1,2,1,0
mailcwp,2025-11-10,2025-11-10,1,1,1,1,1,0
mainwp-file-uploader-extension,2025-11-10,2025-11-10,1,1,1,1,1,0
mainwp-links-manager-extension,2025-11-10,2025-11-10,1,1,1,1,1,0
monsters-editor-10-for-wp-super-edit,2025-11-10,2025-11-10,1,1,1,1,1,0
multimanager-wp,2025-11-11,2025-11-11,1,1,1,1,1,0
mw-wp-form,2025-11-10,2025-11-10,1,1,1,1,1,0
opal-estate-pro,2025-12-05,2025-12-05,1,3,2,1,1,0
pagination,2026-01-06,2026-01-06,1,1,1,1,1,0
pdf-print,2026-01-06,2026-01-06,1,1,1,1,1,0
post-smtp,2025-10-20,2026-01-19,92,9865,190,92,1,0
profitori,2025-11-11,2025-11-11,1,1,1,1,1,0
promobar,2026-01-06,2026-01-06,1,1,1,1,1,0
pwa-for-wp,2025-11-10,2025-11-10,1,1,1,1,1,0
rating-bws,2026-01-06,2026-01-06,1,1,1,1,1,0
realty,2026-01-06,2026-01-06,1,1,1,1,1,0
sender,2026-01-06,2026-01-06,1,1,1,1,1,0
simple-wp-events,2025-11-10,2025-11-10,1,1,1,1,1,0
sneeit-framework,2025-12-27,2025-12-27,1,3,2,1,1,0
social-buttons-pack,2026-01-06,2026-01-06,1,1,1,1,1,0
social-login-bws,2026-01-06,2026-01-06,1,1,1,1,1,0
starter-templates,2025-12-27,2025-12-27,1,1,1,1,1,0
store-toolkit-for-wp-e-commerce,2025-11-10,2025-11-10,1,1,1,1,1,0
subscriber,2026-01-06,2026-01-06,1,1,1,1,1,0
superlogoshowcase-wp,2025-11-10,2025-11-10,1,1,1,1,1,0
transposh-translation-filter-for-wordpress,2025-11-11,2025-11-11,1,1,1,1,1,0
twitter-plugin,2026-01-06,2026-01-06,1,1,1,1,1,0
updater,2026-01-06,2026-01-06,1,1,1,1,1,0
user-role,2026-01-06,2026-01-06,1,1,1,1,1,0
visitors-online,2026-01-06,2026-01-06,1,1,1,1,1,0
woocommerce-checkout-manager,2025-12-02,2025-12-03,2,2,2,2,1,0
woocommerce-products-filter,2025-10-28,2025-10-30,3,8,3,3,1,0
woof,2025-11-30,2025-11-30,1,2,1,1,1,0
wordpress-checkout,2025-11-10,2025-11-10,1,1,1,1,1,0
wordpress-ecommerce,2025-11-11,2025-11-11,1,1,1,1,1,0
wp-3dflick-slideshow,2025-11-10,2025-11-10,1,1,1,1,1,0
wp-advanced-search,2025-11-10,2025-11-10,1,1,1,1,1,0
wp-all-import,2025-11-10,2025-11-10,1,1,1,1,1,0
wp-business-intelligence-lite,2025-11-10,2025-11-10,1,1,1,1,1,0
wp-businessdirectory,2025-11-10,2025-11-10,1,1,1,1,1,0
wp-cleanfix,2025-11-10,2025-11-10,1,1,1,1,1,0
wp-clone-by-wp-academy,2025-11-10,2025-11-10,1,1,1,1,1,0
wp-curriculo-vitae,2025-11-11,2025-11-11,1,1,1,1,1,0
wp-db-backup,2026-01-04,2026-01-10,7,60,9,7,1,0
wp-directorybox-manager,2025-11-10,2025-11-10,1,1,1,1,1,0
wp-dropbox-dropins,2025-11-11,2025-11-11,1,1,1,1,1,0
wp-dummy-content-generator,2025-11-10,2025-11-10,1,1,1,1,1,0
wp-e-commerce-exporter,2025-11-10,2025-11-10,1,1,1,1,1,0
wp-easy-contact,2025-11-10,2025-11-10,1,1,1,1,1,0
wp-easy-events,2025-11-10,2025-11-10,1,1,1,1,1,0
wp-easycart,2025-11-10,2025-11-10,1,1,1,1,1,0
wp-editor,2025-11-10,2025-11-10,1,1,1,1,1,0
wp-file-uploader,2025-11-10,2025-11-10,1,1,1,1,1,0
wp-filebase,2025-11-11,2025-11-11,1,1,1,1,1,0
wp-filemanager,2025-11-10,2025-11-10,1,1,1,1,1,0
wp-foodbakery,2025-11-10,2025-11-10,1,1,1,1,1,0
wp-front-end-profile,2025-11-11,2025-11-11,1,1,1,1,1,0
wp-front-end-repository,2025-11-11,2025-11-11,1,1,1,1,1,0
wp-funnel-manager,2025-11-10,2025-11-10,1,1,1,1,1,0
wp-graphql,2025-11-11,2025-11-11,1,1,1,1,1,0
wp-homepage-slideshow,2025-11-11,2025-11-11,1,1,1,1,1,0
wp-hotel-booking,2025-11-10,2025-11-10,1,1,1,1,1,0
wp-image-news-slider,2025-11-10,2025-11-10,1,1,1,1,1,0
wp-insert,2025-11-11,2025-11-11,1,1,1,1,1,0
wp-job-board-pro,2025-11-10,2025-11-10,1,1,1,1,1,0
wp-job-manager,2025-11-10,2025-11-10,1,1,1,1,1,0
wp-jobhunt,2025-11-10,2025-11-10,1,1,1,1,1,0
wp-jobsearch,2025-11-10,2025-11-10,1,1,1,1,1,0
wp-levoslideshow,2025-11-11,2025-11-11,1,1,1,1,1,0
wp-live-chat-support,2025-11-10,2025-11-10,1,1,1,1,1,0
wp-live-chat-support-pro,2025-11-11,2025-11-11,1,1,1,1,1,0
wp-membership,2025-11-10,2025-11-10,1,1,1,1,1,0
wp-meta-data-filter-and-taxonomy-filter,2025-11-10,2025-11-10,1,1,1,1,1,0
wp-migrate-db-pro,2025-11-10,2025-11-10,1,1,1,1,1,0
wp-optimize-by-xtraffic,2025-11-10,2025-11-10,1,1,1,1,1,0
wp-performance-optimizer,2025-11-17,2025-11-17,1,2,2,1,1,0
wp-pinterest-automatic,2025-11-10,2025-11-10,1,1,1,1,1,0
wp-post-frontend,2025-11-11,2025-11-11,1,1,1,1,1,0
wp-powerplaygallery,2025-11-10,2025-11-10,1,1,1,1,1,0
wp-propagator,2025-11-10,2025-11-10,1,1,1,1,1,0
wp-property,2025-11-11,2025-11-11,1,1,1,1,1,0
wp-query-console,2025-11-10,2025-11-10,1,1,1,1,1,0
wp-realestate-manager,2025-11-10,2025-11-10,1,1,1,1,1,0
wp-responsive-thumbnail-slider,2025-11-11,2025-11-11,1,1,1,1,1,0
wp-shop-original,2025-11-11,2025-11-11,1,1,1,1,1,0
wp-shopping-cart,2025-11-10,2025-11-10,1,1,1,1,1,0
wp-smart-import,2025-11-10,2025-11-10,1,1,1,1,1,0
wp-social,2025-11-11,2025-11-11,1,1,1,1,1,0
wp-support-plus-responsive-ticket-system,2025-11-10,2025-11-10,1,1,1,1,1,0
wp-syntax,2025-11-10,2025-11-10,1,1,1,1,1,0
wp-ulike-pro,2025-11-10,2025-11-10,1,1,1,1,1,0
wp-ultimate-csv-importer,2025-11-10,2025-11-10,1,1,1,1,1,0
wp-ultimate-email-marketer,2025-11-10,2025-11-10,1,1,1,1,1,0
wp-ultimate-exporter,2025-11-10,2025-11-10,1,1,1,1,1,0
wp-user-extra-fields,2025-11-10,2025-11-10,1,1,1,1,1,0
wp-users-masquerade,2025-11-10,2025-11-10,1,1,1,1,1,0
wp-wc-affiliate-program,2025-11-10,2025-11-10,1,1,1,1,1,0
wp-webhooks,2025-11-11,2025-11-11,1,1,1,1,1,0
wp_rokbox,2025-11-11,2025-11-11,1,1,1,1,1,0
wp_rokintroscroller,2025-11-11,2025-11-11,1,1,1,1,1,0
wp_roknewspager,2025-11-10,2025-11-10,1,1,1,1,1,0
wp_rokstories,2025-11-10,2025-11-10,1,1,1,1,1,0
wpbookit,2025-11-10,2025-11-10,1,1,1,1,1,0
wpbot-pro,2025-11-10,2025-11-10,1,1,1,1,1,0
wpc-shop-as-customer,2025-11-11,2025-11-11,1,1,1,1,1,0
wpcasa,2025-11-10,2025-11-10,1,1,1,1,1,0
wpdatatables,2025-11-10,2025-11-10,1,1,1,1,1,0
wpdiscuz,2025-11-10,2025-11-10,1,1,1,1,1,0
wpe-indoshipping,2025-11-11,2025-11-11,1,1,1,1,1,0
wpfunnels,2025-11-10,2025-11-10,1,1,1,1,1,0
wpgateway,2025-11-11,2025-11-11,1,1,1,1,1,0
wpgform,2025-11-11,2025-11-11,1,1,1,1,1,0
wpguppy-lite,2025-11-11,2025-11-11,1,1,1,1,1,0
wpmarketplace,2025-11-10,2025-11-10,1,1,1,1,1,0
wpo365-login,2025-11-10,2025-11-10,1,1,1,1,1,0
wpshop,2025-11-11,2025-11-11,1,1,1,1,1,0
wptouch,2025-11-11,2025-11-11,1,1,1,1,1,0
yayextra,2025-11-19,2025-11-19,1,1,1,1,1,0
yith-woocommerce-ajax-search,2026-01-17,2026-01-17,1,2,1,1,1,0
zendesk-help-center,2026-01-06,2026-01-06,1,1,1,1,1,0
