ip,sessions
87.251.64.159,7075110
187.191.2.214,2483354
5.181.86.60,2201524
185.91.127.85,1860378
5.187.35.26,1455265
45.205.1.110,1407216
45.205.1.5,1325598
16.58.56.214,1315842
185.177.72.61,1198489
130.12.180.160,1172969
104.131.63.228,1104016
18.218.118.203,1088744
18.116.101.220,1065366
3.129.187.38,1041520
3.130.168.2,900084
190.10.8.144,889775
31.56.110.107,819824
123.253.35.182,770890
3.131.220.121,768555
36.25.240.114,714373
185.156.73.157,676620
80.94.95.240,647377
176.120.22.52,561483
3.132.26.232,560809
80.94.95.46,544129
46.151.178.13,541749
84.239.14.138,523977
37.77.150.83,463406
91.202.233.121,442835
92.118.39.30,439874
87.251.64.147,439010
87.251.64.145,431497
176.65.151.74,428005
45.205.1.26,425026
45.148.10.240,421315
124.225.88.153,398921
3.134.216.108,387483
204.76.203.18,374851
87.251.64.144,372880
80.66.66.70,339652
78.128.114.42,337037
79.124.40.174,330232
203.150.179.22,325494
3.143.162.210,308315
176.65.139.103,293938
185.16.39.146,290621
5.161.192.63,286786
91.224.92.125,281948
192.252.215.125,280745
108.165.230.87,267006
92.63.197.22,263517
45.148.10.121,245679
179.43.146.226,241864
45.82.78.106,239757
45.82.78.107,238705
45.82.78.104,238614
45.82.78.105,238188
104.234.30.74,237908
45.82.78.102,237900
45.82.78.108,237699
45.82.78.103,237152
45.82.78.100,236900
3.151.241.153,234758
181.214.48.247,234464
103.237.38.13,233291
108.165.179.101,233019
212.102.40.218,232339
181.214.221.201,231891
108.165.179.64,230560
176.65.132.254,229676
108.165.179.125,228429
181.214.221.69,227139
181.214.221.57,223971
181.214.221.196,221000
103.27.132.56,220569
103.237.38.11,220305
37.148.132.83,218354
108.165.230.49,215914
103.237.38.14,215690
37.148.132.208,215572
37.148.133.247,214117
37.148.132.205,213433
120.211.32.165,212928
37.148.132.43,212901
181.214.221.77,211901
213.202.222.56,211866
37.148.132.190,211770
79.124.59.78,211522
37.148.132.210,206457
181.214.48.225,205795
108.165.230.227,203017
69.169.101.241,201527
45.148.10.249,194024
85.11.183.27,192255
113.175.80.181,191467
85.11.183.23,187287
85.11.183.25,186321
85.11.183.21,185159
85.11.183.19,184960
87.251.64.141,184164
